name,category,code
Beaming Face With Smiling Eyes,Emoji,ğŸ˜
Face With Tears of Joy,Emoji,ğŸ˜‚
Rolling on the Floor Laughing,Emoji,ğŸ¤£
Grinning Face With Big Eyes,Emoji,ğŸ˜ƒ
Grinning Face With Smiling Eyes,Emoji,ğŸ˜„
Grinning Face With Sweat,Emoji,ğŸ˜…
Grinning Squinting Face,Emoji,ğŸ˜†
Winking Face,Emoji,ğŸ˜‰
Smiling Face With Smiling Eyes,Emoji,ğŸ˜Š
Face Savoring Food,Emoji,ğŸ˜‹
Smiling Face With Sunglasses,Emoji,ğŸ˜
Smiling Face With Heart-Eyes,Emoji,ğŸ˜
Face Blowing a Kiss,Emoji,ğŸ˜˜
Kissing Face,Emoji,ğŸ˜—
Kissing Face With Smiling Eyes,Emoji,ğŸ˜™
Kissing Face With Closed Eyes,Emoji,ğŸ˜š
Smiling Face,Emoji,â˜º
Slightly Smiling Face,Emoji,ğŸ™‚
Hugging Face,Emoji,ğŸ¤—
Star-Struck,Emoji,ğŸ¤©
Thinking Face,Emoji,ğŸ¤”
Face With Raised Eyebrow,Emoji,ğŸ¤¨
Neutral Face,Emoji,ğŸ˜
Expressionless Face,Emoji,ğŸ˜‘
Face Without Mouth,Emoji,ğŸ˜¶
Face With Rolling Eyes,Emoji,ğŸ™„
Smirking Face,Emoji,ğŸ˜
Persevering Face,Emoji,ğŸ˜£
Sad but Relieved Face,Emoji,ğŸ˜¥
Face With Open Mouth,Emoji,ğŸ˜®
Zipper-Mouth Face,Emoji,ğŸ¤
Hushed Face,Emoji,ğŸ˜¯
Sleepy Face,Emoji,ğŸ˜ª
Tired Face,Emoji,ğŸ˜«
Sleeping Face,Emoji,ğŸ˜´
Relieved Face,Emoji,ğŸ˜Œ
Face With Tongue,Emoji,ğŸ˜›
Winking Face With Tongue,Emoji,ğŸ˜œ
Squinting Face With Tongue,Emoji,ğŸ˜
Drooling Face,Emoji,ğŸ¤¤
Unamused Face,Emoji,ğŸ˜’
Downcast Face With Sweat,Emoji,ğŸ˜“
Pensive Face,Emoji,ğŸ˜”
Confused Face,Emoji,ğŸ˜•
Upside-Down Face,Emoji,ğŸ™ƒ
Money-Mouth Face,Emoji,ğŸ¤‘
Astonished Face,Emoji,ğŸ˜²
Frowning Face,Emoji,â˜¹
Slightly Frowning Face,Emoji,ğŸ™
Confounded Face,Emoji,ğŸ˜–
Disappointed Face,Emoji,ğŸ˜
Worried Face,Emoji,ğŸ˜Ÿ
Face With Steam From Nose,Emoji,ğŸ˜¤
Crying Face,Emoji,ğŸ˜¢
Loudly Crying Face,Emoji,ğŸ˜­
Frowning Face With Open Mouth,Emoji,ğŸ˜¦
Anguished Face,Emoji,ğŸ˜§
Fearful Face,Emoji,ğŸ˜¨
Weary Face,Emoji,ğŸ˜©
Exploding Head,Emoji,ğŸ¤¯
Grimacing Face,Emoji,ğŸ˜¬
Anxious Face With Sweat,Emoji,ğŸ˜°
Face Screaming in Fear,Emoji,ğŸ˜±
Flushed Face,Emoji,ğŸ˜³
Zany Face,Emoji,ğŸ¤ª
Dizzy Face,Emoji,ğŸ˜µ
Pouting Face,Emoji,ğŸ˜¡
Angry Face,Emoji,ğŸ˜ 
Face With Symbols on Mouth,Emoji,ğŸ¤¬
Face With Medical Mask,Emoji,ğŸ˜·
Face With Thermometer,Emoji,ğŸ¤’
Face With Head-Bandage,Emoji,ğŸ¤•
Nauseated Face,Emoji,ğŸ¤¢
Face Vomiting,Emoji,ğŸ¤®
Sneezing Face,Emoji,ğŸ¤§
Smiling Face With Halo,Emoji,ğŸ˜‡
Cowboy Hat Face,Emoji,ğŸ¤ 
Clown Face,Emoji,ğŸ¤¡
Lying Face,Emoji,ğŸ¤¥
Shushing Face,Emoji,ğŸ¤«
Face With Hand Over Mouth,Emoji,ğŸ¤­
Face With Monocle,Emoji,ğŸ§
Nerd Face,Emoji,ğŸ¤“
Smiling Face With Horns,Emoji,ğŸ˜ˆ
Angry Face With Horns,Emoji,ğŸ‘¿
Ogre,Emoji,ğŸ‘¹
Goblin,Emoji,ğŸ‘º
Skull,Emoji,ğŸ’€
Ghost,Emoji,ğŸ‘»
Alien,Emoji,ğŸ‘½
Robot Face,Emoji,ğŸ¤–
Pile of Poo,Emoji,ğŸ’©
Grinning Cat Face,Emoji,ğŸ˜º
Grinning Cat Face With Smiling Eyes,Emoji,ğŸ˜¸
Cat Face With Tears of Joy,Emoji,ğŸ˜¹
Smiling Cat Face With Heart-Eyes,Emoji,ğŸ˜»
Cat Face With Wry Smile,Emoji,ğŸ˜¼
Kissing Cat Face,Emoji,ğŸ˜½
Weary Cat Face,Emoji,ğŸ™€
Crying Cat Face,Emoji,ğŸ˜¿
Pouting Cat Face,Emoji,ğŸ˜¾
Baby,Emoji,ğŸ‘¶
Boy,Emoji,ğŸ‘¦
Girl,Emoji,ğŸ‘§
Man,Emoji,ğŸ‘¨
Woman,Emoji,ğŸ‘©
Old Man,Emoji,ğŸ‘´
Old Woman,Emoji,ğŸ‘µ
Man Health Worker,Emoji,ğŸ‘¨â€âš•ï¸
Woman Health Worker,Emoji,ğŸ‘©â€âš•ï¸
Man Student,Emoji,ğŸ‘¨â€ğŸ“
Woman Student,Emoji,ğŸ‘©â€ğŸ“
Man Judge,Emoji,ğŸ‘¨â€âš–ï¸
Woman Judge,Emoji,ğŸ‘©â€âš–ï¸
Man Farmer,Emoji,ğŸ‘¨â€ğŸŒ¾
Woman Farmer,Emoji,ğŸ‘©â€ğŸŒ¾
Man Cook,Emoji,ğŸ‘¨â€ğŸ³
Woman Cook,Emoji,ğŸ‘©â€ğŸ³
Man Mechanic,Emoji,ğŸ‘¨â€ğŸ”§
Woman Mechanic,Emoji,ğŸ‘©â€ğŸ”§
Man Factory Worker,Emoji,ğŸ‘¨â€ğŸ­
Woman Factory Worker,Emoji,ğŸ‘©â€ğŸ­
Man Office Worker,Emoji,ğŸ‘¨â€ğŸ’¼
Woman Office Worker,Emoji,ğŸ‘©â€ğŸ’¼
Man Scientist,Emoji,ğŸ‘¨â€ğŸ”¬
Woman Scientist,Emoji,ğŸ‘©â€ğŸ”¬
Man Technologist,Emoji,ğŸ‘¨â€ğŸ’»
Woman Technologist,Emoji,ğŸ‘©â€ğŸ’»
Man Singer,Emoji,ğŸ‘¨â€ğŸ¤
Woman Singer,Emoji,ğŸ‘©â€ğŸ¤
Man Artist,Emoji,ğŸ‘¨â€ğŸ¨
Woman Artist,Emoji,ğŸ‘©â€ğŸ¨
Man Pilot,Emoji,ğŸ‘¨â€âœˆï¸
Woman Pilot,Emoji,ğŸ‘©â€âœˆï¸
Man Astronaut,Emoji,ğŸ‘¨â€ğŸš€
Woman Astronaut,Emoji,ğŸ‘©â€ğŸš€
Man Firefighter,Emoji,ğŸ‘¨â€ğŸš’
Woman Firefighter,Emoji,ğŸ‘©â€ğŸš’
Police Officer,Emoji,ğŸ‘®
Man Police Officer,Emoji,ğŸ‘®â€â™‚ï¸
Woman Police Officer,Emoji,ğŸ‘®â€â™€ï¸
Detective,Emoji,ğŸ•µ
Man Detective,Emoji,ğŸ•µï¸â€â™‚ï¸
Woman Detective,Emoji,ğŸ•µï¸â€â™€ï¸
Guard,Emoji,ğŸ’‚
Man Guard,Emoji,ğŸ’‚â€â™‚ï¸
Woman Guard,Emoji,ğŸ’‚â€â™€ï¸
Construction Worker,Emoji,ğŸ‘·
Man Construction Worker,Emoji,ğŸ‘·â€â™‚ï¸
Woman Construction Worker,Emoji,ğŸ‘·â€â™€ï¸
Prince,Emoji,ğŸ¤´
Princess,Emoji,ğŸ‘¸
Person Wearing Turban,Emoji,ğŸ‘³
Man Wearing Turban,Emoji,ğŸ‘³â€â™‚ï¸
Woman Wearing Turban,Emoji,ğŸ‘³â€â™€ï¸
Man With Chinese Cap,Emoji,ğŸ‘²
Woman With Headscarf,Emoji,ğŸ§•
Bearded Person,Emoji,ğŸ§”
Blond-Haired Person,Emoji,ğŸ‘±
Blond-Haired Man,Emoji,ğŸ‘±â€â™‚ï¸
Blond-Haired Woman,Emoji,ğŸ‘±â€â™€ï¸
Man in Tuxedo,Emoji,ğŸ¤µ
Bride With Veil,Emoji,ğŸ‘°
Pregnant Woman,Emoji,ğŸ¤°
Breast-Feeding,Emoji,ğŸ¤±
Baby Angel,Emoji,ğŸ‘¼
Santa Claus,Emoji,ğŸ…
Mrs. Claus,Emoji,ğŸ¤¶
Woman Mage,Emoji,ğŸ§™â€â™€ï¸
Man Mage,Emoji,ğŸ§™â€â™‚ï¸
Woman Fairy,Emoji,ğŸ§šâ€â™€ï¸
Man Fairy,Emoji,ğŸ§šâ€â™‚ï¸
Woman Vampire,Emoji,ğŸ§›â€â™€ï¸
Man Vampire,Emoji,ğŸ§›â€â™‚ï¸
Mermaid,Emoji,ğŸ§œâ€â™€ï¸
Merman,Emoji,ğŸ§œâ€â™‚ï¸
Woman Elf,Emoji,ğŸ§â€â™€ï¸
Man Elf,Emoji,ğŸ§â€â™‚ï¸
Woman Genie,Emoji,ğŸ§â€â™€ï¸
Man Genie,Emoji,ğŸ§â€â™‚ï¸
Woman Zombie,Emoji,ğŸ§Ÿâ€â™€ï¸
Man Zombie,Emoji,ğŸ§Ÿâ€â™‚ï¸
Person Frowning,Emoji,ğŸ™
Man Frowning,Emoji,ğŸ™â€â™‚ï¸
Woman Frowning,Emoji,ğŸ™â€â™€ï¸
Person Pouting,Emoji,ğŸ™
Man Pouting,Emoji,ğŸ™â€â™‚ï¸
Woman Pouting,Emoji,ğŸ™â€â™€ï¸
Person Gesturing No,Emoji,ğŸ™…
Man Gesturing No,Emoji,ğŸ™…â€â™‚ï¸
Woman Gesturing No,Emoji,ğŸ™…â€â™€ï¸
Person Gesturing OK,Emoji,ğŸ™†
Man Gesturing OK,Emoji,ğŸ™†â€â™‚ï¸
Woman Gesturing OK,Emoji,ğŸ™†â€â™€ï¸
Person Tipping Hand,Emoji,ğŸ’
Man Tipping Hand,Emoji,ğŸ’â€â™‚ï¸
Woman Tipping Hand,Emoji,ğŸ’â€â™€ï¸
Person Raising Hand,Emoji,ğŸ™‹
Man Raising Hand,Emoji,ğŸ™‹â€â™‚ï¸
Woman Raising Hand,Emoji,ğŸ™‹â€â™€ï¸
Person Bowing,Emoji,ğŸ™‡
Man Bowing,Emoji,ğŸ™‡â€â™‚ï¸
Woman Bowing,Emoji,ğŸ™‡â€â™€ï¸
Person Facepalming,Emoji,ğŸ¤¦
Man Facepalming,Emoji,ğŸ¤¦â€â™‚ï¸
Woman Facepalming,Emoji,ğŸ¤¦â€â™€ï¸
Person Shrugging,Emoji,ğŸ¤·
Man Shrugging,Emoji,ğŸ¤·â€â™‚ï¸
Woman Shrugging,Emoji,ğŸ¤·â€â™€ï¸
Person Getting Massage,Emoji,ğŸ’†
Man Getting Massage,Emoji,ğŸ’†â€â™‚ï¸
Woman Getting Massage,Emoji,ğŸ’†â€â™€ï¸
Person Getting Haircut,Emoji,ğŸ’‡
Man Getting Haircut,Emoji,ğŸ’‡â€â™‚ï¸
Woman Getting Haircut,Emoji,ğŸ’‡â€â™€ï¸
Person Walking,Emoji,ğŸš¶
Man Walking,Emoji,ğŸš¶â€â™‚ï¸
Woman Walking,Emoji,ğŸš¶â€â™€ï¸
Person Running,Emoji,ğŸƒ
Man Running,Emoji,ğŸƒâ€â™‚ï¸
Woman Running,Emoji,ğŸƒâ€â™€ï¸
Woman Dancing,Emoji,ğŸ’ƒ
Man Dancing,Emoji,ğŸ•º
People With Bunny Ears,Emoji,ğŸ‘¯
Men With Bunny Ears,Emoji,ğŸ‘¯â€â™‚ï¸
Women With Bunny Ears,Emoji,ğŸ‘¯â€â™€ï¸
Woman in Steamy Room,Emoji,ğŸ§–â€â™€ï¸
Man in Steamy Room,Emoji,ğŸ§–â€â™‚ï¸
Man in Suit Levitating,Emoji,ğŸ•´
Speaking Head,Emoji,ğŸ—£
Bust in Silhouette,Emoji,ğŸ‘¤
Busts in Silhouette,Emoji,ğŸ‘¥
Man and Woman Holding Hands,Emoji,ğŸ‘«
Two Men Holding Hands,Emoji,ğŸ‘¬
Two Women Holding Hands,Emoji,ğŸ‘­
Kiss,Emoji,ğŸ’
Kiss: Man,Emoji,ğŸ‘¨â€â¤ï¸â€ğŸ’‹â€ğŸ‘¨
Kiss: Woman,Emoji,ğŸ‘©â€â¤ï¸â€ğŸ’‹â€ğŸ‘©
Couple With Heart,Emoji,ğŸ’‘
Couple With Heart: Man,Emoji,ğŸ‘¨â€â¤ï¸â€ğŸ‘¨
Couple With Heart: Woman,Emoji,ğŸ‘©â€â¤ï¸â€ğŸ‘©
Family,Emoji,ğŸ‘ª
Family: Man,Emoji,ğŸ‘¨â€ğŸ‘©â€ğŸ‘¦
Family: Man,Emoji,ğŸ‘¨â€ğŸ‘©â€ğŸ‘§
Family: Man,Emoji,ğŸ‘¨â€ğŸ‘©â€ğŸ‘§â€ğŸ‘¦
Family: Man,Emoji,ğŸ‘¨â€ğŸ‘©â€ğŸ‘¦â€ğŸ‘¦
Family: Man,Emoji,ğŸ‘¨â€ğŸ‘©â€ğŸ‘§â€ğŸ‘§
Family: Man,Emoji,ğŸ‘¨â€ğŸ‘¨â€ğŸ‘¦
Family: Man,Emoji,ğŸ‘¨â€ğŸ‘¨â€ğŸ‘§
Family: Man,Emoji,ğŸ‘¨â€ğŸ‘¨â€ğŸ‘§â€ğŸ‘¦
Family: Man,Emoji,ğŸ‘¨â€ğŸ‘¨â€ğŸ‘¦â€ğŸ‘¦
Family: Man,Emoji,ğŸ‘¨â€ğŸ‘¨â€ğŸ‘§â€ğŸ‘§
Family: Woman,Emoji,ğŸ‘©â€ğŸ‘©â€ğŸ‘¦
Family: Woman,Emoji,ğŸ‘©â€ğŸ‘©â€ğŸ‘§
Family: Woman,Emoji,ğŸ‘©â€ğŸ‘©â€ğŸ‘§â€ğŸ‘¦
Family: Woman,Emoji,ğŸ‘©â€ğŸ‘©â€ğŸ‘¦â€ğŸ‘¦
Family: Woman,Emoji,ğŸ‘©â€ğŸ‘©â€ğŸ‘§â€ğŸ‘§
Family: Man,Emoji,ğŸ‘¨â€ğŸ‘¦
Family: Man,Emoji,ğŸ‘¨â€ğŸ‘¦â€ğŸ‘¦
Family: Man,Emoji,ğŸ‘¨â€ğŸ‘§
Family: Man,Emoji,ğŸ‘¨â€ğŸ‘§â€ğŸ‘¦
Family: Man,Emoji,ğŸ‘¨â€ğŸ‘§â€ğŸ‘§
Family: Woman,Emoji,ğŸ‘©â€ğŸ‘¦
Family: Woman,Emoji,ğŸ‘©â€ğŸ‘¦â€ğŸ‘¦
Family: Woman,Emoji,ğŸ‘©â€ğŸ‘§
Family: Woman,Emoji,ğŸ‘©â€ğŸ‘§â€ğŸ‘¦
Family: Woman,Emoji,ğŸ‘©â€ğŸ‘§â€ğŸ‘§
Selfie,Emoji,ğŸ¤³
Flexed Biceps,Emoji,ğŸ’ª
Backhand Index Pointing Left,Emoji,ğŸ‘ˆ
Backhand Index Pointing Right,Emoji,ğŸ‘‰
Index Pointing Up,Emoji,â˜
Backhand Index Pointing Up,Emoji,ğŸ‘†
Middle Finger,Emoji,ğŸ–•
Backhand Index Pointing Down,Emoji,ğŸ‘‡
Victory Hand,Emoji,âœŒ
Crossed Fingers,Emoji,ğŸ¤
Vulcan Salute,Emoji,ğŸ––
Sign of the Horns,Emoji,ğŸ¤˜
Hand With Fingers Splayed,Emoji,ğŸ–
Raised Hand,Emoji,âœ‹
OK Hand,Emoji,ğŸ‘Œ
Thumbs Up,Emoji,ğŸ‘
Thumbs Down,Emoji,ğŸ‘
Raised Fist,Emoji,âœŠ
Oncoming Fist,Emoji,ğŸ‘Š
Left-Facing Fist,Emoji,ğŸ¤›
Right-Facing Fist,Emoji,ğŸ¤œ
Raised Back of Hand,Emoji,ğŸ¤š
Waving Hand,Emoji,ğŸ‘‹
Love-You Gesture,Emoji,ğŸ¤Ÿ
Writing Hand,Emoji,âœ
Clapping Hands,Emoji,ğŸ‘
Open Hands,Emoji,ğŸ‘
Raising Hands,Emoji,ğŸ™Œ
Palms Up Together,Emoji,ğŸ¤²
Folded Hands,Emoji,ğŸ™
Handshake,Emoji,ğŸ¤
Nail Polish,Emoji,ğŸ’…
Ear,Emoji,ğŸ‘‚
Nose,Emoji,ğŸ‘ƒ
Footprints,Emoji,ğŸ‘£
Eyes,Emoji,ğŸ‘€
Eye,Emoji,ğŸ‘
Brain,Emoji,ğŸ§ 
Tongue,Emoji,ğŸ‘…
Mouth,Emoji,ğŸ‘„
Kiss Mark,Emoji,ğŸ’‹
Glasses,Emoji,ğŸ‘“
Sunglasses,Emoji,ğŸ•¶
Necktie,Emoji,ğŸ‘”
T-Shirt,Emoji,ğŸ‘•
Jeans,Emoji,ğŸ‘–
Scarf,Emoji,ğŸ§£
Gloves,Emoji,ğŸ§¤
Coat,Emoji,ğŸ§¥
Socks,Emoji,ğŸ§¦
Dress,Emoji,ğŸ‘—
Kimono,Emoji,ğŸ‘˜
Bikini,Emoji,ğŸ‘™
Womanâ€™s Clothes,Emoji,ğŸ‘š
Purse,Emoji,ğŸ‘›
Handbag,Emoji,ğŸ‘œ
Clutch Bag,Emoji,ğŸ‘
School Backpack,Emoji,ğŸ’
Manâ€™s Shoe,Emoji,ğŸ‘
Running Shoe,Emoji,ğŸ‘Ÿ
High-Heeled Shoe,Emoji,ğŸ‘ 
Womanâ€™s Sandal,Emoji,ğŸ‘¡
Womanâ€™s Boot,Emoji,ğŸ‘¢
Crown,Emoji,ğŸ‘‘
Womanâ€™s Hat,Emoji,ğŸ‘’
Top Hat,Emoji,ğŸ©
Graduation Cap,Emoji,ğŸ“
Billed Cap,Emoji,ğŸ§¢
Rescue Workerâ€™s Helmet,Emoji,â›‘
Lipstick,Emoji,ğŸ’„
Ring,Emoji,ğŸ’
Closed Umbrella,Emoji,ğŸŒ‚
Umbrella,Emoji,â˜‚
Briefcase,Emoji,ğŸ’¼
break,Emoji,break
See-No-Evil Monkey,Emoji,ğŸ™ˆ
Hear-No-Evil Monkey,Emoji,ğŸ™‰
Speak-No-Evil Monkey,Emoji,ğŸ™Š
Collision,Emoji,ğŸ’¥
Sweat Droplets,Emoji,ğŸ’¦
Dashing Away,Emoji,ğŸ’¨
Dizzy,Emoji,ğŸ’«
Monkey Face,Emoji,ğŸµ
Monkey,Emoji,ğŸ’
Gorilla,Emoji,ğŸ¦
Dog Face,Emoji,ğŸ¶
Dog,Emoji,ğŸ•
Poodle,Emoji,ğŸ©
Wolf Face,Emoji,ğŸº
Fox Face,Emoji,ğŸ¦Š
Cat Face,Emoji,ğŸ±
Cat,Emoji,ğŸˆ
Lion Face,Emoji,ğŸ¦
Tiger Face,Emoji,ğŸ¯
Tiger,Emoji,ğŸ…
Leopard,Emoji,ğŸ†
Horse Face,Emoji,ğŸ´
Horse,Emoji,ğŸ
Unicorn Face,Emoji,ğŸ¦„
Zebra,Emoji,ğŸ¦“
Cow Face,Emoji,ğŸ®
Ox,Emoji,ğŸ‚
Water Buffalo,Emoji,ğŸƒ
Cow,Emoji,ğŸ„
Pig Face,Emoji,ğŸ·
Pig,Emoji,ğŸ–
Boar,Emoji,ğŸ—
Pig Nose,Emoji,ğŸ½
Ram,Emoji,ğŸ
Ewe,Emoji,ğŸ‘
Goat,Emoji,ğŸ
Camel,Emoji,ğŸª
Two-Hump Camel,Emoji,ğŸ«
Giraffe,Emoji,ğŸ¦’
Elephant,Emoji,ğŸ˜
Rhinoceros,Emoji,ğŸ¦
Mouse Face,Emoji,ğŸ­
Mouse,Emoji,ğŸ
Rat,Emoji,ğŸ€
Hamster Face,Emoji,ğŸ¹
Rabbit Face,Emoji,ğŸ°
Rabbit,Emoji,ğŸ‡
Chipmunk,Emoji,ğŸ¿
Hedgehog,Emoji,ğŸ¦”
Bat,Emoji,ğŸ¦‡
Bear Face,Emoji,ğŸ»
Koala,Emoji,ğŸ¨
Panda Face,Emoji,ğŸ¼
Paw Prints,Emoji,ğŸ¾
Turkey,Emoji,ğŸ¦ƒ
Chicken,Emoji,ğŸ”
Rooster,Emoji,ğŸ“
Hatching Chick,Emoji,ğŸ£
Baby Chick,Emoji,ğŸ¤
Front-Facing Baby Chick,Emoji,ğŸ¥
Bird,Emoji,ğŸ¦
Penguin,Emoji,ğŸ§
Dove,Emoji,ğŸ•Š
Eagle,Emoji,ğŸ¦…
Duck,Emoji,ğŸ¦†
Owl,Emoji,ğŸ¦‰
Frog Face,Emoji,ğŸ¸
Crocodile,Emoji,ğŸŠ
Turtle,Emoji,ğŸ¢
Lizard,Emoji,ğŸ¦
Snake,Emoji,ğŸ
Dragon Face,Emoji,ğŸ²
Dragon,Emoji,ğŸ‰
Sauropod,Emoji,ğŸ¦•
T-Rex,Emoji,ğŸ¦–
Spouting Whale,Emoji,ğŸ³
Whale,Emoji,ğŸ‹
Dolphin,Emoji,ğŸ¬
Fish,Emoji,ğŸŸ
Tropical Fish,Emoji,ğŸ 
Blowfish,Emoji,ğŸ¡
Shark,Emoji,ğŸ¦ˆ
Octopus,Emoji,ğŸ™
Spiral Shell,Emoji,ğŸš
Crab,Emoji,ğŸ¦€
Shrimp,Emoji,ğŸ¦
Squid,Emoji,ğŸ¦‘
Snail,Emoji,ğŸŒ
Butterfly,Emoji,ğŸ¦‹
Bug,Emoji,ğŸ›
Ant,Emoji,ğŸœ
Honeybee,Emoji,ğŸ
Lady Beetle,Emoji,ğŸ
Cricket,Emoji,ğŸ¦—
Spider,Emoji,ğŸ•·
Spider Web,Emoji,ğŸ•¸
Scorpion,Emoji,ğŸ¦‚
Bouquet,Emoji,ğŸ’
Cherry Blossom,Emoji,ğŸŒ¸
White Flower,Emoji,ğŸ’®
Rosette,Emoji,ğŸµ
Rose,Emoji,ğŸŒ¹
Wilted Flower,Emoji,ğŸ¥€
Hibiscus,Emoji,ğŸŒº
Sunflower,Emoji,ğŸŒ»
Blossom,Emoji,ğŸŒ¼
Tulip,Emoji,ğŸŒ·
Seedling,Emoji,ğŸŒ±
Evergreen Tree,Emoji,ğŸŒ²
Deciduous Tree,Emoji,ğŸŒ³
Palm Tree,Emoji,ğŸŒ´
Cactus,Emoji,ğŸŒµ
Sheaf of Rice,Emoji,ğŸŒ¾
Herb,Emoji,ğŸŒ¿
Shamrock,Emoji,â˜˜
Four Leaf Clover,Emoji,ğŸ€
Maple Leaf,Emoji,ğŸ
Fallen Leaf,Emoji,ğŸ‚
Leaf Fluttering in Wind,Emoji,ğŸƒ
Mushroom,Emoji,ğŸ„
Chestnut,Emoji,ğŸŒ°
Globe Showing Europe-Africa,Emoji,ğŸŒ
Globe Showing Americas,Emoji,ğŸŒ
Globe Showing Asia-Australia,Emoji,ğŸŒ
Globe With Meridians,Emoji,ğŸŒ
New Moon,Emoji,ğŸŒ‘
Waxing Crescent Moon,Emoji,ğŸŒ’
First Quarter Moon,Emoji,ğŸŒ“
Waxing Gibbous Moon,Emoji,ğŸŒ”
Full Moon,Emoji,ğŸŒ•
Waning Gibbous Moon,Emoji,ğŸŒ–
Last Quarter Moon,Emoji,ğŸŒ—
Waning Crescent Moon,Emoji,ğŸŒ˜
Crescent Moon,Emoji,ğŸŒ™
New Moon Face,Emoji,ğŸŒš
First Quarter Moon Face,Emoji,ğŸŒ›
Last Quarter Moon Face,Emoji,ğŸŒœ
Sun,Emoji,â˜€
Full Moon Face,Emoji,ğŸŒ
Sun With Face,Emoji,ğŸŒ
White Medium Star,Emoji,â­
Glowing Star,Emoji,ğŸŒŸ
Shooting Star,Emoji,ğŸŒ 
Cloud,Emoji,â˜
Sun Behind Cloud,Emoji,â›…
Cloud With Lightning and Rain,Emoji,â›ˆ
Sun Behind Small Cloud,Emoji,ğŸŒ¤
Sun Behind Large Cloud,Emoji,ğŸŒ¥
Sun Behind Rain Cloud,Emoji,ğŸŒ¦
Cloud With Rain,Emoji,ğŸŒ§
Cloud With Snow,Emoji,ğŸŒ¨
Cloud With Lightning,Emoji,ğŸŒ©
Tornado,Emoji,ğŸŒª
Fog,Emoji,ğŸŒ«
Wind Face,Emoji,ğŸŒ¬
Rainbow,Emoji,ğŸŒˆ
Umbrella,Emoji,â˜‚
Umbrella With Rain Drops,Emoji,â˜”
High Voltage,Emoji,âš¡
Snowflake,Emoji,â„
Snowman,Emoji,â˜ƒ
Snowman Without Snow,Emoji,â›„
Comet,Emoji,â˜„
Fire,Emoji,ğŸ”¥
Droplet,Emoji,ğŸ’§
Water Wave,Emoji,ğŸŒŠ
Christmas Tree,Emoji,ğŸ„
Sparkles,Emoji,âœ¨
Tanabata Tree,Emoji,ğŸ‹
Pine Decoration,Emoji,ğŸ
break,Emoji,break
Grapes,Emoji,ğŸ‡
Melon,Emoji,ğŸˆ
Watermelon,Emoji,ğŸ‰
Tangerine,Emoji,ğŸŠ
Lemon,Emoji,ğŸ‹
Banana,Emoji,ğŸŒ
Pineapple,Emoji,ğŸ
Red Apple,Emoji,ğŸ
Green Apple,Emoji,ğŸ
Pear,Emoji,ğŸ
Peach,Emoji,ğŸ‘
Cherries,Emoji,ğŸ’
Strawberry,Emoji,ğŸ“
Kiwi Fruit,Emoji,ğŸ¥
Tomato,Emoji,ğŸ…
Coconut,Emoji,ğŸ¥¥
Avocado,Emoji,ğŸ¥‘
Eggplant,Emoji,ğŸ†
Potato,Emoji,ğŸ¥”
Carrot,Emoji,ğŸ¥•
Ear of Corn,Emoji,ğŸŒ½
Hot Pepper,Emoji,ğŸŒ¶
Cucumber,Emoji,ğŸ¥’
Broccoli,Emoji,ğŸ¥¦
Mushroom,Emoji,ğŸ„
Peanuts,Emoji,ğŸ¥œ
Chestnut,Emoji,ğŸŒ°
Bread,Emoji,ğŸ
Croissant,Emoji,ğŸ¥
Baguette Bread,Emoji,ğŸ¥–
Pretzel,Emoji,ğŸ¥¨
Pancakes,Emoji,ğŸ¥
Cheese Wedge,Emoji,ğŸ§€
Meat on Bone,Emoji,ğŸ–
Poultry Leg,Emoji,ğŸ—
Cut of Meat,Emoji,ğŸ¥©
Bacon,Emoji,ğŸ¥“
Hamburger,Emoji,ğŸ”
French Fries,Emoji,ğŸŸ
Pizza,Emoji,ğŸ•
Hot Dog,Emoji,ğŸŒ­
Sandwich,Emoji,ğŸ¥ª
Taco,Emoji,ğŸŒ®
Burrito,Emoji,ğŸŒ¯
Cooking,Emoji,ğŸ³
Pot of Food,Emoji,ğŸ²
Bowl With Spoon,Emoji,ğŸ¥£
Green Salad,Emoji,ğŸ¥—
Popcorn,Emoji,ğŸ¿
Canned Food,Emoji,ğŸ¥«
Bento Box,Emoji,ğŸ±
Rice Cracker,Emoji,ğŸ˜
Rice Ball,Emoji,ğŸ™
Cooked Rice,Emoji,ğŸš
Curry Rice,Emoji,ğŸ›
Steaming Bowl,Emoji,ğŸœ
Spaghetti,Emoji,ğŸ
Roasted Sweet Potato,Emoji,ğŸ 
Oden,Emoji,ğŸ¢
Sushi,Emoji,ğŸ£
Fried Shrimp,Emoji,ğŸ¤
Fish Cake With Swirl,Emoji,ğŸ¥
Dango,Emoji,ğŸ¡
Dumpling,Emoji,ğŸ¥Ÿ
Fortune Cookie,Emoji,ğŸ¥ 
Takeout Box,Emoji,ğŸ¥¡
Soft Ice Cream,Emoji,ğŸ¦
Shaved Ice,Emoji,ğŸ§
Ice Cream,Emoji,ğŸ¨
Doughnut,Emoji,ğŸ©
Cookie,Emoji,ğŸª
Birthday Cake,Emoji,ğŸ‚
Shortcake,Emoji,ğŸ°
Pie,Emoji,ğŸ¥§
Chocolate Bar,Emoji,ğŸ«
Candy,Emoji,ğŸ¬
Lollipop,Emoji,ğŸ­
Custard,Emoji,ğŸ®
Honey Pot,Emoji,ğŸ¯
Baby Bottle,Emoji,ğŸ¼
Glass of Milk,Emoji,ğŸ¥›
Hot Beverage,Emoji,â˜•
Teacup Without Handle,Emoji,ğŸµ
Sake,Emoji,ğŸ¶
Bottle With Popping Cork,Emoji,ğŸ¾
Wine Glass,Emoji,ğŸ·
Cocktail Glass,Emoji,ğŸ¸
Tropical Drink,Emoji,ğŸ¹
Beer Mug,Emoji,ğŸº
Clinking Beer Mugs,Emoji,ğŸ»
Clinking Glasses,Emoji,ğŸ¥‚
Tumbler Glass,Emoji,ğŸ¥ƒ
Cup With Straw,Emoji,ğŸ¥¤
Chopsticks,Emoji,ğŸ¥¢
Fork and Knife With Plate,Emoji,ğŸ½
Fork and Knife,Emoji,ğŸ´
Spoon,Emoji,ğŸ¥„
break,Emoji,break
Alien Monster,Emoji,ğŸ‘¾
Woman Climbing,Emoji,ğŸ§—â€â™€ï¸
Man Climbing,Emoji,ğŸ§—â€â™‚ï¸
Woman in Lotus Position,Emoji,ğŸ§˜â€â™€ï¸
Man in Lotus Position,Emoji,ğŸ§˜â€â™‚ï¸
Man in Suit Levitating,Emoji,ğŸ•´
Horse Racing,Emoji,ğŸ‡
Skier,Emoji,â›·
Snowboarder,Emoji,ğŸ‚
Person Golfing,Emoji,ğŸŒ
Man Golfing,Emoji,ğŸŒï¸â€â™‚ï¸
Woman Golfing,Emoji,ğŸŒï¸â€â™€ï¸
Person Surfing,Emoji,ğŸ„
Man Surfing,Emoji,ğŸ„â€â™‚ï¸
Woman Surfing,Emoji,ğŸ„â€â™€ï¸
Person Rowing Boat,Emoji,ğŸš£
Man Rowing Boat,Emoji,ğŸš£â€â™‚ï¸
Woman Rowing Boat,Emoji,ğŸš£â€â™€ï¸
Person Swimming,Emoji,ğŸŠ
Man Swimming,Emoji,ğŸŠâ€â™‚ï¸
Woman Swimming,Emoji,ğŸŠâ€â™€ï¸
Person Bouncing Ball,Emoji,â›¹
Man Bouncing Ball,Emoji,â›¹ï¸â€â™‚ï¸
Woman Bouncing Ball,Emoji,â›¹ï¸â€â™€ï¸
Person Lifting Weights,Emoji,ğŸ‹
Man Lifting Weights,Emoji,ğŸ‹ï¸â€â™‚ï¸
Woman Lifting Weights,Emoji,ğŸ‹ï¸â€â™€ï¸
Person Biking,Emoji,ğŸš´
Man Biking,Emoji,ğŸš´â€â™‚ï¸
Woman Biking,Emoji,ğŸš´â€â™€ï¸
Person Mountain Biking,Emoji,ğŸšµ
Man Mountain Biking,Emoji,ğŸšµâ€â™‚ï¸
Woman Mountain Biking,Emoji,ğŸšµâ€â™€ï¸
Person Cartwheeling,Emoji,ğŸ¤¸
Man Cartwheeling,Emoji,ğŸ¤¸â€â™‚ï¸
Woman Cartwheeling,Emoji,ğŸ¤¸â€â™€ï¸
People Wrestling,Emoji,ğŸ¤¼
Men Wrestling,Emoji,ğŸ¤¼â€â™‚ï¸
Women Wrestling,Emoji,ğŸ¤¼â€â™€ï¸
Person Playing Water Polo,Emoji,ğŸ¤½
Man Playing Water Polo,Emoji,ğŸ¤½â€â™‚ï¸
Woman Playing Water Polo,Emoji,ğŸ¤½â€â™€ï¸
Person Playing Handball,Emoji,ğŸ¤¾
Man Playing Handball,Emoji,ğŸ¤¾â€â™‚ï¸
Woman Playing Handball,Emoji,ğŸ¤¾â€â™€ï¸
Person Juggling,Emoji,ğŸ¤¹
Man Juggling,Emoji,ğŸ¤¹â€â™‚ï¸
Woman Juggling,Emoji,ğŸ¤¹â€â™€ï¸
Circus Tent,Emoji,ğŸª
Reminder Ribbon,Emoji,ğŸ—
Admission Tickets,Emoji,ğŸŸ
Ticket,Emoji,ğŸ«
Military Medal,Emoji,ğŸ–
Trophy,Emoji,ğŸ†
Sports Medal,Emoji,ğŸ…
1st Place Medal,Emoji,ğŸ¥‡
2nd Place Medal,Emoji,ğŸ¥ˆ
3rd Place Medal,Emoji,ğŸ¥‰
Soccer Ball,Emoji,âš½
Baseball,Emoji,âš¾
Basketball,Emoji,ğŸ€
Volleyball,Emoji,ğŸ
American Football,Emoji,ğŸˆ
Rugby Football,Emoji,ğŸ‰
Tennis,Emoji,ğŸ¾
Bowling,Emoji,ğŸ³
Cricket Game,Emoji,ğŸ
Field Hockey,Emoji,ğŸ‘
Ice Hockey,Emoji,ğŸ’
Ping Pong,Emoji,ğŸ“
Badminton,Emoji,ğŸ¸
Boxing Glove,Emoji,ğŸ¥Š
Martial Arts Uniform,Emoji,ğŸ¥‹
Flag in Hole,Emoji,â›³
Ice Skate,Emoji,â›¸
Fishing Pole,Emoji,ğŸ£
Running Shirt,Emoji,ğŸ½
Skis,Emoji,ğŸ¿
Sled,Emoji,ğŸ›·
Curling Stone,Emoji,ğŸ¥Œ
Direct Hit,Emoji,ğŸ¯
Pool 8 Ball,Emoji,ğŸ±
Video Game,Emoji,ğŸ®
Slot Machine,Emoji,ğŸ°
Game Die,Emoji,ğŸ²
Performing Arts,Emoji,ğŸ­
Artist Palette,Emoji,ğŸ¨
Musical Score,Emoji,ğŸ¼
Microphone,Emoji,ğŸ¤
Headphone,Emoji,ğŸ§
Saxophone,Emoji,ğŸ·
Guitar,Emoji,ğŸ¸
Musical Keyboard,Emoji,ğŸ¹
Trumpet,Emoji,ğŸº
Violin,Emoji,ğŸ»
Drum,Emoji,ğŸ¥
Clapper Board,Emoji,ğŸ¬
Bow and Arrow,Emoji,ğŸ¹
break,Emoji,break
Person Rowing Boat,Emoji,ğŸš£
Racing Car,Emoji,ğŸ
Motorcycle,Emoji,ğŸ
Map of Japan,Emoji,ğŸ—¾
Snow-Capped Mountain,Emoji,ğŸ”
Mountain,Emoji,â›°
Volcano,Emoji,ğŸŒ‹
Mount Fuji,Emoji,ğŸ—»
Camping,Emoji,ğŸ•
Beach With Umbrella,Emoji,ğŸ–
Desert,Emoji,ğŸœ
Desert Island,Emoji,ğŸ
National Park,Emoji,ğŸ
Stadium,Emoji,ğŸŸ
Classical Building,Emoji,ğŸ›
Building Construction,Emoji,ğŸ—
Houses,Emoji,ğŸ˜
Derelict House,Emoji,ğŸš
House,Emoji,ğŸ 
House With Garden,Emoji,ğŸ¡
Office Building,Emoji,ğŸ¢
Japanese Post Office,Emoji,ğŸ£
Post Office,Emoji,ğŸ¤
Hospital,Emoji,ğŸ¥
Bank,Emoji,ğŸ¦
Hotel,Emoji,ğŸ¨
Love Hotel,Emoji,ğŸ©
Convenience Store,Emoji,ğŸª
School,Emoji,ğŸ«
Department Store,Emoji,ğŸ¬
Factory,Emoji,ğŸ­
Japanese Castle,Emoji,ğŸ¯
Castle,Emoji,ğŸ°
Wedding,Emoji,ğŸ’’
Tokyo Tower,Emoji,ğŸ—¼
Statue of Liberty,Emoji,ğŸ—½
Church,Emoji,â›ª
Mosque,Emoji,ğŸ•Œ
Synagogue,Emoji,ğŸ•
Shinto Shrine,Emoji,â›©
Kaaba,Emoji,ğŸ•‹
Fountain,Emoji,â›²
Tent,Emoji,â›º
Foggy,Emoji,ğŸŒ
Night With Stars,Emoji,ğŸŒƒ
Cityscape,Emoji,ğŸ™
Sunrise Over Mountains,Emoji,ğŸŒ„
Sunrise,Emoji,ğŸŒ…
Cityscape at Dusk,Emoji,ğŸŒ†
Sunset,Emoji,ğŸŒ‡
Bridge at Night,Emoji,ğŸŒ‰
Milky Way,Emoji,ğŸŒŒ
Carousel Horse,Emoji,ğŸ 
Ferris Wheel,Emoji,ğŸ¡
Roller Coaster,Emoji,ğŸ¢
Locomotive,Emoji,ğŸš‚
Railway Car,Emoji,ğŸšƒ
High-Speed Train,Emoji,ğŸš„
Bullet Train,Emoji,ğŸš…
Train,Emoji,ğŸš†
Metro,Emoji,ğŸš‡
Light Rail,Emoji,ğŸšˆ
Station,Emoji,ğŸš‰
Tram,Emoji,ğŸšŠ
Monorail,Emoji,ğŸš
Mountain Railway,Emoji,ğŸš
Tram Car,Emoji,ğŸš‹
Bus,Emoji,ğŸšŒ
Oncoming Bus,Emoji,ğŸš
Trolleybus,Emoji,ğŸš
Minibus,Emoji,ğŸš
Ambulance,Emoji,ğŸš‘
Fire Engine,Emoji,ğŸš’
Police Car,Emoji,ğŸš“
Oncoming Police Car,Emoji,ğŸš”
Taxi,Emoji,ğŸš•
Oncoming Taxi,Emoji,ğŸš–
Automobile,Emoji,ğŸš—
Oncoming Automobile,Emoji,ğŸš˜
Delivery Truck,Emoji,ğŸšš
Articulated Lorry,Emoji,ğŸš›
Tractor,Emoji,ğŸšœ
Bicycle,Emoji,ğŸš²
Kick Scooter,Emoji,ğŸ›´
Motor Scooter,Emoji,ğŸ›µ
Bus Stop,Emoji,ğŸš
Railway Track,Emoji,ğŸ›¤
Fuel Pump,Emoji,â›½
Police Car Light,Emoji,ğŸš¨
Horizontal Traffic Light,Emoji,ğŸš¥
Vertical Traffic Light,Emoji,ğŸš¦
Construction,Emoji,ğŸš§
Anchor,Emoji,âš“
Sailboat,Emoji,â›µ
Speedboat,Emoji,ğŸš¤
Passenger Ship,Emoji,ğŸ›³
Ferry,Emoji,â›´
Motor Boat,Emoji,ğŸ›¥
Ship,Emoji,ğŸš¢
Airplane,Emoji,âœˆ
Small Airplane,Emoji,ğŸ›©
Airplane Departure,Emoji,ğŸ›«
Airplane Arrival,Emoji,ğŸ›¬
Seat,Emoji,ğŸ’º
Helicopter,Emoji,ğŸš
Suspension Railway,Emoji,ğŸšŸ
Mountain Cableway,Emoji,ğŸš 
Aerial Tramway,Emoji,ğŸš¡
Satellite,Emoji,ğŸ›°
Rocket,Emoji,ğŸš€
Flying Saucer,Emoji,ğŸ›¸
Shooting Star,Emoji,ğŸŒ 
Umbrella on Ground,Emoji,â›±
Fireworks,Emoji,ğŸ†
Sparkler,Emoji,ğŸ‡
Moon Viewing Ceremony,Emoji,ğŸ‘
Yen Banknote,Emoji,ğŸ’´
Dollar Banknote,Emoji,ğŸ’µ
Euro Banknote,Emoji,ğŸ’¶
Pound Banknote,Emoji,ğŸ’·
Moai,Emoji,ğŸ—¿
Passport Control,Emoji,ğŸ›‚
Customs,Emoji,ğŸ›ƒ
Baggage Claim,Emoji,ğŸ›„
Left Luggage,Emoji,ğŸ›…
break,Emoji,break
Skull and Crossbones,Emoji,â˜ 
Person Taking Bath,Emoji,ğŸ›€
Person in Bed,Emoji,ğŸ›Œ
Love Letter,Emoji,ğŸ’Œ
Bomb,Emoji,ğŸ’£
Hole,Emoji,ğŸ•³
Shopping Bags,Emoji,ğŸ›
Prayer Beads,Emoji,ğŸ“¿
Gem Stone,Emoji,ğŸ’
Kitchen Knife,Emoji,ğŸ”ª
Amphora,Emoji,ğŸº
World Map,Emoji,ğŸ—º
Barber Pole,Emoji,ğŸ’ˆ
Oil Drum,Emoji,ğŸ›¢
Bellhop Bell,Emoji,ğŸ›
Hourglass Done,Emoji,âŒ›
Hourglass Not Done,Emoji,â³
Watch,Emoji,âŒš
Alarm Clock,Emoji,â°
Stopwatch,Emoji,â±
Timer Clock,Emoji,â²
Mantelpiece Clock,Emoji,ğŸ•°
Thermometer,Emoji,ğŸŒ¡
Umbrella on Ground,Emoji,â›±
Balloon,Emoji,ğŸˆ
Party Popper,Emoji,ğŸ‰
Confetti Ball,Emoji,ğŸŠ
Japanese Dolls,Emoji,ğŸ
Carp Streamer,Emoji,ğŸ
Wind Chime,Emoji,ğŸ
Ribbon,Emoji,ğŸ€
Wrapped Gift,Emoji,ğŸ
Crystal Ball,Emoji,ğŸ”®
Joystick,Emoji,ğŸ•¹
Framed Picture,Emoji,ğŸ–¼
Postal Horn,Emoji,ğŸ“¯
Studio Microphone,Emoji,ğŸ™
Level Slider,Emoji,ğŸš
Control Knobs,Emoji,ğŸ›
Radio,Emoji,ğŸ“»
Mobile Phone,Emoji,ğŸ“±
Mobile Phone With Arrow,Emoji,ğŸ“²
Telephone,Emoji,â˜
Telephone Receiver,Emoji,ğŸ“
Pager,Emoji,ğŸ“Ÿ
Fax Machine,Emoji,ğŸ“ 
Battery,Emoji,ğŸ”‹
Electric Plug,Emoji,ğŸ”Œ
Laptop Computer,Emoji,ğŸ’»
Desktop Computer,Emoji,ğŸ–¥
Printer,Emoji,ğŸ–¨
Keyboard,Emoji,âŒ¨
Computer Mouse,Emoji,ğŸ–±
Trackball,Emoji,ğŸ–²
Computer Disk,Emoji,ğŸ’½
Floppy Disk,Emoji,ğŸ’¾
Optical Disk,Emoji,ğŸ’¿
DVD,Emoji,ğŸ“€
Movie Camera,Emoji,ğŸ¥
Film Frames,Emoji,ğŸ
Film Projector,Emoji,ğŸ“½
Television,Emoji,ğŸ“º
Camera,Emoji,ğŸ“·
Camera With Flash,Emoji,ğŸ“¸
Video Camera,Emoji,ğŸ“¹
Videocassette,Emoji,ğŸ“¼
Magnifying Glass Tilted Left,Emoji,ğŸ”
Magnifying Glass Tilted Right,Emoji,ğŸ”
Candle,Emoji,ğŸ•¯
Light Bulb,Emoji,ğŸ’¡
Flashlight,Emoji,ğŸ”¦
Red Paper Lantern,Emoji,ğŸ®
Notebook With Decorative Cover,Emoji,ğŸ“”
Closed Book,Emoji,ğŸ“•
Open Book,Emoji,ğŸ“–
Green Book,Emoji,ğŸ“—
Blue Book,Emoji,ğŸ“˜
Orange Book,Emoji,ğŸ“™
Books,Emoji,ğŸ“š
Notebook,Emoji,ğŸ““
Page With Curl,Emoji,ğŸ“ƒ
Scroll,Emoji,ğŸ“œ
Page Facing Up,Emoji,ğŸ“„
Newspaper,Emoji,ğŸ“°
Rolled-Up Newspaper,Emoji,ğŸ—
Bookmark Tabs,Emoji,ğŸ“‘
Bookmark,Emoji,ğŸ”–
Label,Emoji,ğŸ·
Money Bag,Emoji,ğŸ’°
Yen Banknote,Emoji,ğŸ’´
Dollar Banknote,Emoji,ğŸ’µ
Euro Banknote,Emoji,ğŸ’¶
Pound Banknote,Emoji,ğŸ’·
Money With Wings,Emoji,ğŸ’¸
Credit Card,Emoji,ğŸ’³
Envelope,Emoji,âœ‰
E-Mail,Emoji,ğŸ“§
Incoming Envelope,Emoji,ğŸ“¨
Envelope With Arrow,Emoji,ğŸ“©
Outbox Tray,Emoji,ğŸ“¤
Inbox Tray,Emoji,ğŸ“¥
Package,Emoji,ğŸ“¦
Closed Mailbox With Raised Flag,Emoji,ğŸ“«
Closed Mailbox With Lowered Flag,Emoji,ğŸ“ª
Open Mailbox With Raised Flag,Emoji,ğŸ“¬
Open Mailbox With Lowered Flag,Emoji,ğŸ“­
Postbox,Emoji,ğŸ“®
Ballot Box With Ballot,Emoji,ğŸ—³
Pencil,Emoji,âœ
Black Nib,Emoji,âœ’
Fountain Pen,Emoji,ğŸ–‹
Pen,Emoji,ğŸ–Š
Paintbrush,Emoji,ğŸ–Œ
Crayon,Emoji,ğŸ–
Memo,Emoji,ğŸ“
File Folder,Emoji,ğŸ“
Open File Folder,Emoji,ğŸ“‚
Card Index Dividers,Emoji,ğŸ—‚
Calendar,Emoji,ğŸ“…
Tear-Off Calendar,Emoji,ğŸ“†
Spiral Notepad,Emoji,ğŸ—’
Spiral Calendar,Emoji,ğŸ—“
Card Index,Emoji,ğŸ“‡
Chart Increasing,Emoji,ğŸ“ˆ
Chart Decreasing,Emoji,ğŸ“‰
Bar Chart,Emoji,ğŸ“Š
Clipboard,Emoji,ğŸ“‹
Pushpin,Emoji,ğŸ“Œ
Round Pushpin,Emoji,ğŸ“
Paperclip,Emoji,ğŸ“
Linked Paperclips,Emoji,ğŸ–‡
Straight Ruler,Emoji,ğŸ“
Triangular Ruler,Emoji,ğŸ“
Scissors,Emoji,âœ‚
Card File Box,Emoji,ğŸ—ƒ
File Cabinet,Emoji,ğŸ—„
Wastebasket,Emoji,ğŸ—‘
Locked,Emoji,ğŸ”’
Unlocked,Emoji,ğŸ”“
Locked With Pen,Emoji,ğŸ”
Locked With Key,Emoji,ğŸ”
Key,Emoji,ğŸ”‘
Old Key,Emoji,ğŸ—
Hammer,Emoji,ğŸ”¨
Pick,Emoji,â›
Hammer and Pick,Emoji,âš’
Hammer and Wrench,Emoji,ğŸ› 
Dagger,Emoji,ğŸ—¡
Crossed Swords,Emoji,âš”
Pistol,Emoji,ğŸ”«
Shield,Emoji,ğŸ›¡
Wrench,Emoji,ğŸ”§
Nut and Bolt,Emoji,ğŸ”©
Gear,Emoji,âš™
Clamp,Emoji,ğŸ—œ
Balance Scale,Emoji,âš–
Link,Emoji,ğŸ”—
Chains,Emoji,â›“
Alembic,Emoji,âš—
Microscope,Emoji,ğŸ”¬
Telescope,Emoji,ğŸ”­
Satellite Antenna,Emoji,ğŸ“¡
Syringe,Emoji,ğŸ’‰
Pill,Emoji,ğŸ’Š
Door,Emoji,ğŸšª
Bed,Emoji,ğŸ›
Couch and Lamp,Emoji,ğŸ›‹
Toilet,Emoji,ğŸš½
Shower,Emoji,ğŸš¿
Bathtub,Emoji,ğŸ›
Cigarette,Emoji,ğŸš¬
Coffin,Emoji,âš°
Funeral Urn,Emoji,âš±
Moai,Emoji,ğŸ—¿
Potable Water,Emoji,ğŸš°
break,Emoji,break
Eye in Speech Bubble,Emoji,ğŸ‘ï¸â€ğŸ—¨ï¸
Heart With Arrow,Emoji,ğŸ’˜
Red Heart,Emoji,â¤
Beating Heart,Emoji,ğŸ’“
Broken Heart,Emoji,ğŸ’”
Two Hearts,Emoji,ğŸ’•
Sparkling Heart,Emoji,ğŸ’–
Growing Heart,Emoji,ğŸ’—
Blue Heart,Emoji,ğŸ’™
Green Heart,Emoji,ğŸ’š
Yellow Heart,Emoji,ğŸ’›
Orange Heart,Emoji,ğŸ§¡
Purple Heart,Emoji,ğŸ’œ
Black Heart,Emoji,ğŸ–¤
Heart With Ribbon,Emoji,ğŸ’
Revolving Hearts,Emoji,ğŸ’
Heart Decoration,Emoji,ğŸ’Ÿ
Heavy Heart Exclamation,Emoji,â£
Zzz,Emoji,ğŸ’¤
Anger Symbol,Emoji,ğŸ’¢
Speech Balloon,Emoji,ğŸ’¬
Right Anger Bubble,Emoji,ğŸ—¯
Thought Balloon,Emoji,ğŸ’­
White Flower,Emoji,ğŸ’®
Hot Springs,Emoji,â™¨
Barber Pole,Emoji,ğŸ’ˆ
Stop Sign,Emoji,ğŸ›‘
Twelve Oâ€™clock,Emoji,ğŸ•›
Twelve-Thirty,Emoji,ğŸ•§
One Oâ€™clock,Emoji,ğŸ•
One-Thirty,Emoji,ğŸ•œ
Two Oâ€™clock,Emoji,ğŸ•‘
Two-Thirty,Emoji,ğŸ•
Three Oâ€™clock,Emoji,ğŸ•’
Three-Thirty,Emoji,ğŸ•
Four Oâ€™clock,Emoji,ğŸ•“
Four-Thirty,Emoji,ğŸ•Ÿ
Five Oâ€™clock,Emoji,ğŸ•”
Five-Thirty,Emoji,ğŸ• 
Six Oâ€™clock,Emoji,ğŸ••
Six-Thirty,Emoji,ğŸ•¡
Seven Oâ€™clock,Emoji,ğŸ•–
Seven-Thirty,Emoji,ğŸ•¢
Eight Oâ€™clock,Emoji,ğŸ•—
Eight-Thirty,Emoji,ğŸ•£
Nine Oâ€™clock,Emoji,ğŸ•˜
Nine-Thirty,Emoji,ğŸ•¤
Ten Oâ€™clock,Emoji,ğŸ•™
Ten-Thirty,Emoji,ğŸ•¥
Eleven Oâ€™clock,Emoji,ğŸ•š
Eleven-Thirty,Emoji,ğŸ•¦
Cyclone,Emoji,ğŸŒ€
Spade Suit,Emoji,â™ 
Heart Suit,Emoji,â™¥
Diamond Suit,Emoji,â™¦
Club Suit,Emoji,â™£
Joker,Emoji,ğŸƒ
Mahjong Red Dragon,Emoji,ğŸ€„
Flower Playing Cards,Emoji,ğŸ´
Muted Speaker,Emoji,ğŸ”‡
Speaker Low Volume,Emoji,ğŸ”ˆ
Speaker Medium Volume,Emoji,ğŸ”‰
Speaker High Volume,Emoji,ğŸ”Š
Loudspeaker,Emoji,ğŸ“¢
Megaphone,Emoji,ğŸ“£
Postal Horn,Emoji,ğŸ“¯
Bell,Emoji,ğŸ””
Bell With Slash,Emoji,ğŸ”•
Musical Note,Emoji,ğŸµ
Musical Notes,Emoji,ğŸ¶
Atm Sign,Emoji,ğŸ§
Litter in Bin Sign,Emoji,ğŸš®
Potable Water,Emoji,ğŸš°
Wheelchair Symbol,Emoji,â™¿
Menâ€™s Room,Emoji,ğŸš¹
Womenâ€™s Room,Emoji,ğŸšº
Restroom,Emoji,ğŸš»
Baby Symbol,Emoji,ğŸš¼
Water Closet,Emoji,ğŸš¾
Warning,Emoji,âš 
Children Crossing,Emoji,ğŸš¸
No Entry,Emoji,â›”
Prohibited,Emoji,ğŸš«
No Bicycles,Emoji,ğŸš³
No Smoking,Emoji,ğŸš­
No Littering,Emoji,ğŸš¯
Non-Potable Water,Emoji,ğŸš±
No Pedestrians,Emoji,ğŸš·
No One Under Eighteen,Emoji,ğŸ”
Radioactive,Emoji,â˜¢
Biohazard,Emoji,â˜£
Up Arrow,Emoji,â¬†
Up-Right Arrow,Emoji,â†—
Right Arrow,Emoji,â¡
Down-Right Arrow,Emoji,â†˜
Down Arrow,Emoji,â¬‡
Down-Left Arrow,Emoji,â†™
Left Arrow,Emoji,â¬…
Up-Left Arrow,Emoji,â†–
Up-Down Arrow,Emoji,â†•
Left-Right Arrow,Emoji,â†”
Right Arrow Curving Left,Emoji,â†©
Left Arrow Curving Right,Emoji,â†ª
Right Arrow Curving Up,Emoji,â¤´
Right Arrow Curving Down,Emoji,â¤µ
Clockwise Vertical Arrows,Emoji,ğŸ”ƒ
Counterclockwise Arrows Button,Emoji,ğŸ”„
Back Arrow,Emoji,ğŸ”™
End Arrow,Emoji,ğŸ”š
On! Arrow,Emoji,ğŸ”›
Soon Arrow,Emoji,ğŸ”œ
Top Arrow,Emoji,ğŸ”
Place of Worship,Emoji,ğŸ›
Atom Symbol,Emoji,âš›
Om,Emoji,ğŸ•‰
Star of David,Emoji,âœ¡
Wheel of Dharma,Emoji,â˜¸
Yin Yang,Emoji,â˜¯
Latin Cross,Emoji,âœ
Orthodox Cross,Emoji,â˜¦
Star and Crescent,Emoji,â˜ª
Peace Symbol,Emoji,â˜®
Menorah,Emoji,ğŸ•
Dotted Six-Pointed Star,Emoji,ğŸ”¯
Aries,Emoji,â™ˆ
Taurus,Emoji,â™‰
Gemini,Emoji,â™Š
Cancer,Emoji,â™‹
Leo,Emoji,â™Œ
Virgo,Emoji,â™
Libra,Emoji,â™
Scorpio,Emoji,â™
Sagittarius,Emoji,â™
Capricorn,Emoji,â™‘
Aquarius,Emoji,â™’
Pisces,Emoji,â™“
Ophiuchus,Emoji,â›
Shuffle Tracks Button,Emoji,ğŸ”€
Repeat Button,Emoji,ğŸ”
Repeat Single Button,Emoji,ğŸ”‚
Play Button,Emoji,â–¶
Fast-Forward Button,Emoji,â©
Reverse Button,Emoji,â—€
Fast Reverse Button,Emoji,âª
Upwards Button,Emoji,ğŸ”¼
Fast Up Button,Emoji,â«
Downwards Button,Emoji,ğŸ”½
Fast Down Button,Emoji,â¬
Stop Button,Emoji,â¹
Eject Button,Emoji,â
Cinema,Emoji,ğŸ¦
Dim Button,Emoji,ğŸ”…
Bright Button,Emoji,ğŸ”†
Antenna Bars,Emoji,ğŸ“¶
Vibration Mode,Emoji,ğŸ“³
Mobile Phone Off,Emoji,ğŸ“´
Recycling Symbol,Emoji,â™»
Trident Emblem,Emoji,ğŸ”±
Name Badge,Emoji,ğŸ“›
Japanese Symbol for Beginner,Emoji,ğŸ”°
Heavy Large Circle,Emoji,â­•
White Heavy Check Mark,Emoji,âœ…
Ballot Box With Check,Emoji,â˜‘
Heavy Check Mark,Emoji,âœ”
Heavy Multiplication X,Emoji,âœ–
Cross Mark,Emoji,âŒ
Cross Mark Button,Emoji,â
Heavy Plus Sign,Emoji,â•
Heavy Minus Sign,Emoji,â–
Heavy Division Sign,Emoji,â—
Curly Loop,Emoji,â°
Double Curly Loop,Emoji,â¿
Part Alternation Mark,Emoji,ã€½
Eight-Spoked Asterisk,Emoji,âœ³
Eight-Pointed Star,Emoji,âœ´
Sparkle,Emoji,â‡
Double Exclamation Mark,Emoji,â€¼
Exclamation Question Mark,Emoji,â‰
Question Mark,Emoji,â“
White Question Mark,Emoji,â”
White Exclamation Mark,Emoji,â•
Exclamation Mark,Emoji,â—
Copyright,Emoji,Â©
Registered,Emoji,Â®
Trade Mark,Emoji,â„¢
Keycap Number Sign,Emoji,#ï¸âƒ£
Keycap Digit Zero,Emoji,0ï¸âƒ£
Keycap Digit One,Emoji,1ï¸âƒ£
Keycap Digit Two,Emoji,2ï¸âƒ£
Keycap Digit Three,Emoji,3ï¸âƒ£
Keycap Digit Four,Emoji,4ï¸âƒ£
Keycap Digit Five,Emoji,5ï¸âƒ£
Keycap Digit Six,Emoji,6ï¸âƒ£
Keycap Digit Seven,Emoji,7ï¸âƒ£
Keycap Digit Eight,Emoji,8ï¸âƒ£
Keycap Digit Nine,Emoji,9ï¸âƒ£
Keycap 10,Emoji,ğŸ”Ÿ
Hundred Points,Emoji,ğŸ’¯
Input Latin Uppercase,Emoji,ğŸ” 
Input Latin Lowercase,Emoji,ğŸ”¡
Input Numbers,Emoji,ğŸ”¢
Input Symbols,Emoji,ğŸ”£
Input Latin Letters,Emoji,ğŸ”¤
A Button (blood Type),Emoji,ğŸ…°
Ab Button (blood Type),Emoji,ğŸ†
B Button (blood Type),Emoji,ğŸ…±
CL Button,Emoji,ğŸ†‘
Cool Button,Emoji,ğŸ†’
Free Button,Emoji,ğŸ†“
Information,Emoji,â„¹
ID Button,Emoji,ğŸ†”
Circled M,Emoji,â“‚
New Button,Emoji,ğŸ†•
NG Button,Emoji,ğŸ†–
O Button (blood Type),Emoji,ğŸ…¾
OK Button,Emoji,ğŸ†—
P Button,Emoji,ğŸ…¿
SOS Button,Emoji,ğŸ†˜
Up! Button,Emoji,ğŸ†™
Vs Button,Emoji,ğŸ†š
Japanese here Button,Emoji,ğŸˆ
Japanese service Charge Button,Emoji,ğŸˆ‚
Japanese monthly Amount Button,Emoji,ğŸˆ·
Japanese not Free of Charge Button,Emoji,ğŸˆ¶
Japanese reserved Button,Emoji,ğŸˆ¯
Japanese bargain Button,Emoji,ğŸ‰
Japanese discount Button,Emoji,ğŸˆ¹
Japanese free of Charge Button,Emoji,ğŸˆš
Japanese prohibited Button,Emoji,ğŸˆ²
Japanese acceptable Button,Emoji,ğŸ‰‘
Japanese application Button,Emoji,ğŸˆ¸
Japanese passing Grade Button,Emoji,ğŸˆ´
Japanese vacancy Button,Emoji,ğŸˆ³
Japanese congratulations Button,Emoji,ãŠ—
Japanese secret Button,Emoji,ãŠ™
Japanese open for Business Button,Emoji,ğŸˆº
Japanese no Vacancy Button,Emoji,ğŸˆµ
Black Small Square,Emoji,â–ª
White Small Square,Emoji,â–«
White Medium Square,Emoji,â—»
Black Medium Square,Emoji,â—¼
White Medium-Small Square,Emoji,â—½
Black Medium-Small Square,Emoji,â—¾
Black Large Square,Emoji,â¬›
White Large Square,Emoji,â¬œ
Large Orange Diamond,Emoji,ğŸ”¶
Large Blue Diamond,Emoji,ğŸ”·
Small Orange Diamond,Emoji,ğŸ”¸
Small Blue Diamond,Emoji,ğŸ”¹
Red Triangle Pointed Up,Emoji,ğŸ”º
Red Triangle Pointed Down,Emoji,ğŸ”»
Diamond With a Dot,Emoji,ğŸ’ 
Black Square Button,Emoji,ğŸ”²
White Square Button,Emoji,ğŸ”³
White Circle,Emoji,âšª
Black Circle,Emoji,âš«
Red Circle,Emoji,ğŸ”´
Blue Circle,Emoji,ğŸ”µ
break,Emoji,break
Chequered Flag,Emoji,ğŸ
Triangular Flag,Emoji,ğŸš©
Crossed Flags,Emoji,ğŸŒ
Black Flag,Emoji,ğŸ´
White Flag,Emoji,ğŸ³
Rainbow Flag,Emoji,ğŸ³ï¸â€ğŸŒˆ
Pirate Flag,Emoji,ğŸ´â€â˜ ï¸
Ascension Island,Emoji,ğŸ‡¦ğŸ‡¨
Andorra,Emoji,ğŸ‡¦ğŸ‡©
United Arab Emirates,Emoji,ğŸ‡¦ğŸ‡ª
Afghanistan,Emoji,ğŸ‡¦ğŸ‡«
Antigua & Barbuda,Emoji,ğŸ‡¦ğŸ‡¬
Anguilla,Emoji,ğŸ‡¦ğŸ‡®
Albania,Emoji,ğŸ‡¦ğŸ‡±
Armenia,Emoji,ğŸ‡¦ğŸ‡²
Angola,Emoji,ğŸ‡¦ğŸ‡´
Antarctica,Emoji,ğŸ‡¦ğŸ‡¶
Argentina,Emoji,ğŸ‡¦ğŸ‡·
American Samoa,Emoji,ğŸ‡¦ğŸ‡¸
Austria,Emoji,ğŸ‡¦ğŸ‡¹
Australia,Emoji,ğŸ‡¦ğŸ‡º
Aruba,Emoji,ğŸ‡¦ğŸ‡¼
Ã…land Islands,Emoji,ğŸ‡¦ğŸ‡½
Azerbaijan,Emoji,ğŸ‡¦ğŸ‡¿
Bosnia & Herzegovina,Emoji,ğŸ‡§ğŸ‡¦
Barbados,Emoji,ğŸ‡§ğŸ‡§
Bangladesh,Emoji,ğŸ‡§ğŸ‡©
Belgium,Emoji,ğŸ‡§ğŸ‡ª
Burkina Faso,Emoji,ğŸ‡§ğŸ‡«
Bulgaria,Emoji,ğŸ‡§ğŸ‡¬
Bahrain,Emoji,ğŸ‡§ğŸ‡­
Burundi,Emoji,ğŸ‡§ğŸ‡®
Benin,Emoji,ğŸ‡§ğŸ‡¯
St. BarthÃ©lemy,Emoji,ğŸ‡§ğŸ‡±
Bermuda,Emoji,ğŸ‡§ğŸ‡²
Brunei,Emoji,ğŸ‡§ğŸ‡³
Bolivia,Emoji,ğŸ‡§ğŸ‡´
Caribbean Netherlands,Emoji,ğŸ‡§ğŸ‡¶
Brazil,Emoji,ğŸ‡§ğŸ‡·
Bahamas,Emoji,ğŸ‡§ğŸ‡¸
Bhutan,Emoji,ğŸ‡§ğŸ‡¹
Bouvet Island,Emoji,ğŸ‡§ğŸ‡»
Botswana,Emoji,ğŸ‡§ğŸ‡¼
Belarus,Emoji,ğŸ‡§ğŸ‡¾
Belize,Emoji,ğŸ‡§ğŸ‡¿
Canada,Emoji,ğŸ‡¨ğŸ‡¦
Cocos (Keeling) Islands,Emoji,ğŸ‡¨ğŸ‡¨
Congo - Kinshasa,Emoji,ğŸ‡¨ğŸ‡©
Central African Republic,Emoji,ğŸ‡¨ğŸ‡«
Congo - Brazzaville,Emoji,ğŸ‡¨ğŸ‡¬
Switzerland,Emoji,ğŸ‡¨ğŸ‡­
CÃ´te Dâ€™Ivoire,Emoji,ğŸ‡¨ğŸ‡®
Cook Islands,Emoji,ğŸ‡¨ğŸ‡°
Chile,Emoji,ğŸ‡¨ğŸ‡±
Cameroon,Emoji,ğŸ‡¨ğŸ‡²
China,Emoji,ğŸ‡¨ğŸ‡³
Colombia,Emoji,ğŸ‡¨ğŸ‡´
Clipperton Island,Emoji,ğŸ‡¨ğŸ‡µ
Costa Rica,Emoji,ğŸ‡¨ğŸ‡·
Cuba,Emoji,ğŸ‡¨ğŸ‡º
Cape Verde,Emoji,ğŸ‡¨ğŸ‡»
CuraÃ§ao,Emoji,ğŸ‡¨ğŸ‡¼
Christmas Island,Emoji,ğŸ‡¨ğŸ‡½
Cyprus,Emoji,ğŸ‡¨ğŸ‡¾
Czechia,Emoji,ğŸ‡¨ğŸ‡¿
Germany,Emoji,ğŸ‡©ğŸ‡ª
Diego Garcia,Emoji,ğŸ‡©ğŸ‡¬
Djibouti,Emoji,ğŸ‡©ğŸ‡¯
Denmark,Emoji,ğŸ‡©ğŸ‡°
Dominica,Emoji,ğŸ‡©ğŸ‡²
Dominican Republic,Emoji,ğŸ‡©ğŸ‡´
Algeria,Emoji,ğŸ‡©ğŸ‡¿
Ceuta & Melilla,Emoji,ğŸ‡ªğŸ‡¦
Ecuador,Emoji,ğŸ‡ªğŸ‡¨
Estonia,Emoji,ğŸ‡ªğŸ‡ª
Egypt,Emoji,ğŸ‡ªğŸ‡¬
Western Sahara,Emoji,ğŸ‡ªğŸ‡­
Eritrea,Emoji,ğŸ‡ªğŸ‡·
Spain,Emoji,ğŸ‡ªğŸ‡¸
Ethiopia,Emoji,ğŸ‡ªğŸ‡¹
European Union,Emoji,ğŸ‡ªğŸ‡º
Finland,Emoji,ğŸ‡«ğŸ‡®
Fiji,Emoji,ğŸ‡«ğŸ‡¯
Falkland Islands,Emoji,ğŸ‡«ğŸ‡°
Micronesia,Emoji,ğŸ‡«ğŸ‡²
Faroe Islands,Emoji,ğŸ‡«ğŸ‡´
France,Emoji,ğŸ‡«ğŸ‡·
Gabon,Emoji,ğŸ‡¬ğŸ‡¦
United Kingdom,Emoji,ğŸ‡¬ğŸ‡§
Grenada,Emoji,ğŸ‡¬ğŸ‡©
Georgia,Emoji,ğŸ‡¬ğŸ‡ª
French Guiana,Emoji,ğŸ‡¬ğŸ‡«
Guernsey,Emoji,ğŸ‡¬ğŸ‡¬
Ghana,Emoji,ğŸ‡¬ğŸ‡­
Gibraltar,Emoji,ğŸ‡¬ğŸ‡®
Greenland,Emoji,ğŸ‡¬ğŸ‡±
Gambia,Emoji,ğŸ‡¬ğŸ‡²
Guinea,Emoji,ğŸ‡¬ğŸ‡³
Guadeloupe,Emoji,ğŸ‡¬ğŸ‡µ
Equatorial Guinea,Emoji,ğŸ‡¬ğŸ‡¶
Greece,Emoji,ğŸ‡¬ğŸ‡·
South Georgia & South Sandwich Islands,Emoji,ğŸ‡¬ğŸ‡¸
Guatemala,Emoji,ğŸ‡¬ğŸ‡¹
Guam,Emoji,ğŸ‡¬ğŸ‡º
Guinea-Bissau,Emoji,ğŸ‡¬ğŸ‡¼
Guyana,Emoji,ğŸ‡¬ğŸ‡¾
Hong Kong SAR China,Emoji,ğŸ‡­ğŸ‡°
Heard & McDonald Islands,Emoji,ğŸ‡­ğŸ‡²
Honduras,Emoji,ğŸ‡­ğŸ‡³
Croatia,Emoji,ğŸ‡­ğŸ‡·
Haiti,Emoji,ğŸ‡­ğŸ‡¹
Hungary,Emoji,ğŸ‡­ğŸ‡º
Canary Islands,Emoji,ğŸ‡®ğŸ‡¨
Indonesia,Emoji,ğŸ‡®ğŸ‡©
Ireland,Emoji,ğŸ‡®ğŸ‡ª
Israel,Emoji,ğŸ‡®ğŸ‡±
Isle of Man,Emoji,ğŸ‡®ğŸ‡²
India,Emoji,ğŸ‡®ğŸ‡³
British Indian Ocean Territory,Emoji,ğŸ‡®ğŸ‡´
Iraq,Emoji,ğŸ‡®ğŸ‡¶
Iran,Emoji,ğŸ‡®ğŸ‡·
Iceland,Emoji,ğŸ‡®ğŸ‡¸
Italy,Emoji,ğŸ‡®ğŸ‡¹
Jersey,Emoji,ğŸ‡¯ğŸ‡ª
Jamaica,Emoji,ğŸ‡¯ğŸ‡²
Jordan,Emoji,ğŸ‡¯ğŸ‡´
Japan,Emoji,ğŸ‡¯ğŸ‡µ
Kenya,Emoji,ğŸ‡°ğŸ‡ª
Kyrgyzstan,Emoji,ğŸ‡°ğŸ‡¬
Cambodia,Emoji,ğŸ‡°ğŸ‡­
Kiribati,Emoji,ğŸ‡°ğŸ‡®
Comoros,Emoji,ğŸ‡°ğŸ‡²
St. Kitts & Nevis,Emoji,ğŸ‡°ğŸ‡³
North Korea,Emoji,ğŸ‡°ğŸ‡µ
South Korea,Emoji,ğŸ‡°ğŸ‡·
Kuwait,Emoji,ğŸ‡°ğŸ‡¼
Cayman Islands,Emoji,ğŸ‡°ğŸ‡¾
Kazakhstan,Emoji,ğŸ‡°ğŸ‡¿
Laos,Emoji,ğŸ‡±ğŸ‡¦
Lebanon,Emoji,ğŸ‡±ğŸ‡§
St. Lucia,Emoji,ğŸ‡±ğŸ‡¨
Liechtenstein,Emoji,ğŸ‡±ğŸ‡®
Sri Lanka,Emoji,ğŸ‡±ğŸ‡°
Liberia,Emoji,ğŸ‡±ğŸ‡·
Lesotho,Emoji,ğŸ‡±ğŸ‡¸
Lithuania,Emoji,ğŸ‡±ğŸ‡¹
Luxembourg,Emoji,ğŸ‡±ğŸ‡º
Latvia,Emoji,ğŸ‡±ğŸ‡»
Libya,Emoji,ğŸ‡±ğŸ‡¾
Morocco,Emoji,ğŸ‡²ğŸ‡¦
Monaco,Emoji,ğŸ‡²ğŸ‡¨
Moldova,Emoji,ğŸ‡²ğŸ‡©
Montenegro,Emoji,ğŸ‡²ğŸ‡ª
St. Martin,Emoji,ğŸ‡²ğŸ‡«
Madagascar,Emoji,ğŸ‡²ğŸ‡¬
Marshall Islands,Emoji,ğŸ‡²ğŸ‡­
Macedonia,Emoji,ğŸ‡²ğŸ‡°
Mali,Emoji,ğŸ‡²ğŸ‡±
Myanmar (Burma),Emoji,ğŸ‡²ğŸ‡²
Mongolia,Emoji,ğŸ‡²ğŸ‡³
Macau SAR China,Emoji,ğŸ‡²ğŸ‡´
Northern Mariana Islands,Emoji,ğŸ‡²ğŸ‡µ
Martinique,Emoji,ğŸ‡²ğŸ‡¶
Mauritania,Emoji,ğŸ‡²ğŸ‡·
Montserrat,Emoji,ğŸ‡²ğŸ‡¸
Malta,Emoji,ğŸ‡²ğŸ‡¹
Mauritius,Emoji,ğŸ‡²ğŸ‡º
Maldives,Emoji,ğŸ‡²ğŸ‡»
Malawi,Emoji,ğŸ‡²ğŸ‡¼
Mexico,Emoji,ğŸ‡²ğŸ‡½
Malaysia,Emoji,ğŸ‡²ğŸ‡¾
Mozambique,Emoji,ğŸ‡²ğŸ‡¿
Namibia,Emoji,ğŸ‡³ğŸ‡¦
New Caledonia,Emoji,ğŸ‡³ğŸ‡¨
Niger,Emoji,ğŸ‡³ğŸ‡ª
Norfolk Island,Emoji,ğŸ‡³ğŸ‡«
Nigeria,Emoji,ğŸ‡³ğŸ‡¬
Nicaragua,Emoji,ğŸ‡³ğŸ‡®
Netherlands,Emoji,ğŸ‡³ğŸ‡±
Norway,Emoji,ğŸ‡³ğŸ‡´
Nepal,Emoji,ğŸ‡³ğŸ‡µ
Nauru,Emoji,ğŸ‡³ğŸ‡·
Niue,Emoji,ğŸ‡³ğŸ‡º
New Zealand,Emoji,ğŸ‡³ğŸ‡¿
Oman,Emoji,ğŸ‡´ğŸ‡²
Panama,Emoji,ğŸ‡µğŸ‡¦
Peru,Emoji,ğŸ‡µğŸ‡ª
French Polynesia,Emoji,ğŸ‡µğŸ‡«
Papua New Guinea,Emoji,ğŸ‡µğŸ‡¬
Philippines,Emoji,ğŸ‡µğŸ‡­
Pakistan,Emoji,ğŸ‡µğŸ‡°
Poland,Emoji,ğŸ‡µğŸ‡±
St. Pierre & Miquelon,Emoji,ğŸ‡µğŸ‡²
Pitcairn Islands,Emoji,ğŸ‡µğŸ‡³
Puerto Rico,Emoji,ğŸ‡µğŸ‡·
Palestinian Territories,Emoji,ğŸ‡µğŸ‡¸
Portugal,Emoji,ğŸ‡µğŸ‡¹
Palau,Emoji,ğŸ‡µğŸ‡¼
Paraguay,Emoji,ğŸ‡µğŸ‡¾
Qatar,Emoji,ğŸ‡¶ğŸ‡¦
RÃ©union,Emoji,ğŸ‡·ğŸ‡ª
Romania,Emoji,ğŸ‡·ğŸ‡´
Serbia,Emoji,ğŸ‡·ğŸ‡¸
Russia,Emoji,ğŸ‡·ğŸ‡º
Rwanda,Emoji,ğŸ‡·ğŸ‡¼
Saudi Arabia,Emoji,ğŸ‡¸ğŸ‡¦
Solomon Islands,Emoji,ğŸ‡¸ğŸ‡§
Seychelles,Emoji,ğŸ‡¸ğŸ‡¨
Sudan,Emoji,ğŸ‡¸ğŸ‡©
Sweden,Emoji,ğŸ‡¸ğŸ‡ª
Singapore,Emoji,ğŸ‡¸ğŸ‡¬
St. Helena,Emoji,ğŸ‡¸ğŸ‡­
Slovenia,Emoji,ğŸ‡¸ğŸ‡®
Svalbard & Jan Mayen,Emoji,ğŸ‡¸ğŸ‡¯
Slovakia,Emoji,ğŸ‡¸ğŸ‡°
Sierra Leone,Emoji,ğŸ‡¸ğŸ‡±
San Marino,Emoji,ğŸ‡¸ğŸ‡²
Senegal,Emoji,ğŸ‡¸ğŸ‡³
Somalia,Emoji,ğŸ‡¸ğŸ‡´
Suriname,Emoji,ğŸ‡¸ğŸ‡·
South Sudan,Emoji,ğŸ‡¸ğŸ‡¸
SÃ£o TomÃ© & PrÃ­ncipe,Emoji,ğŸ‡¸ğŸ‡¹
El Salvador,Emoji,ğŸ‡¸ğŸ‡»
Sint Maarten,Emoji,ğŸ‡¸ğŸ‡½
Syria,Emoji,ğŸ‡¸ğŸ‡¾
Swaziland,Emoji,ğŸ‡¸ğŸ‡¿
Tristan Da Cunha,Emoji,ğŸ‡¹ğŸ‡¦
Turks & Caicos Islands,Emoji,ğŸ‡¹ğŸ‡¨
Chad,Emoji,ğŸ‡¹ğŸ‡©
French Southern Territories,Emoji,ğŸ‡¹ğŸ‡«
Togo,Emoji,ğŸ‡¹ğŸ‡¬
Thailand,Emoji,ğŸ‡¹ğŸ‡­
Tajikistan,Emoji,ğŸ‡¹ğŸ‡¯
Tokelau,Emoji,ğŸ‡¹ğŸ‡°
Timor-Leste,Emoji,ğŸ‡¹ğŸ‡±
Turkmenistan,Emoji,ğŸ‡¹ğŸ‡²
Tunisia,Emoji,ğŸ‡¹ğŸ‡³
Tonga,Emoji,ğŸ‡¹ğŸ‡´
Turkey,Emoji,ğŸ‡¹ğŸ‡·
Trinidad & Tobago,Emoji,ğŸ‡¹ğŸ‡¹
Tuvalu,Emoji,ğŸ‡¹ğŸ‡»
Taiwan,Emoji,ğŸ‡¹ğŸ‡¼
Tanzania,Emoji,ğŸ‡¹ğŸ‡¿
Ukraine,Emoji,ğŸ‡ºğŸ‡¦
Uganda,Emoji,ğŸ‡ºğŸ‡¬
U.S. Outlying Islands,Emoji,ğŸ‡ºğŸ‡²
United Nations,Emoji,ğŸ‡ºğŸ‡³
United States,Emoji,ğŸ‡ºğŸ‡¸
Uruguay,Emoji,ğŸ‡ºğŸ‡¾
Uzbekistan,Emoji,ğŸ‡ºğŸ‡¿
Vatican City,Emoji,ğŸ‡»ğŸ‡¦
St. Vincent & Grenadines,Emoji,ğŸ‡»ğŸ‡¨
Venezuela,Emoji,ğŸ‡»ğŸ‡ª
British Virgin Islands,Emoji,ğŸ‡»ğŸ‡¬
U.S. Virgin Islands,Emoji,ğŸ‡»ğŸ‡®
Vietnam,Emoji,ğŸ‡»ğŸ‡³
Vanuatu,Emoji,ğŸ‡»ğŸ‡º
Wallis & Futuna,Emoji,ğŸ‡¼ğŸ‡«
Samoa,Emoji,ğŸ‡¼ğŸ‡¸
Kosovo,Emoji,ğŸ‡½ğŸ‡°
Yemen,Emoji,ğŸ‡¾ğŸ‡ª
Mayotte,Emoji,ğŸ‡¾ğŸ‡¹
South Africa,Emoji,ğŸ‡¿ğŸ‡¦
Zambia,Emoji,ğŸ‡¿ğŸ‡²
Zimbabwe,Emoji,ğŸ‡¿ğŸ‡¼
England,Emoji,ğŸ´ó §ó ¢ó ¥ó ®ó §ó ¿
Scotland,Emoji,ğŸ´ó §ó ¢ó ³ó £ó ´ó ¿
Wales,Emoji,ğŸ´ó §ó ¢ó ·ó ¬ó ³ó ¿
Alpha,Greek Alphabet,Î‘
Beta,Greek Alphabet,Î’
Gamma,Greek Alphabet,Î“
Delta,Greek Alphabet,Î”
Epsilon,Greek Alphabet,Î•
Zeta,Greek Alphabet,Î–
Eta,Greek Alphabet,Î—
Theta,Greek Alphabet,Î˜
Iota,Greek Alphabet,Î™
Kappa,Greek Alphabet,Îš
Lambda,Greek Alphabet,Î›
Mu,Greek Alphabet,Îœ
Nu,Greek Alphabet,Î
Xi,Greek Alphabet,Î
Omicron,Greek Alphabet,ÎŸ
Pi,Greek Alphabet,Î 
Rho,Greek Alphabet,Î¡
Sigma,Greek Alphabet,Î£
Tau,Greek Alphabet,Î¤
Upsilon,Greek Alphabet,Î¥
Phi,Greek Alphabet,Î¦
Chi,Greek Alphabet,Î§
Psi,Greek Alphabet,Î¨
Omega,Greek Alphabet,Î©
Alpha,Greek Alphabet,Î±
Beta,Greek Alphabet,Î²
Gamma,Greek Alphabet,Î³
Delta,Greek Alphabet,Î´
Epsilon,Greek Alphabet,Îµ
Zeta,Greek Alphabet,Î¶
Eta,Greek Alphabet,Î·
Theta,Greek Alphabet,Î¸
Iota,Greek Alphabet,Î¹
Kappa,Greek Alphabet,Îº
Lambda,Greek Alphabet,Î»
Mu,Greek Alphabet,Î¼
Nu,Greek Alphabet,Î½
Xi,Greek Alphabet,Î¾
Omicron,Greek Alphabet,Î¿
Pi,Greek Alphabet,Ï€
Rho,Greek Alphabet,Ï
Sigma,Greek Alphabet,"Ïƒ,Ï‚ *"
Tau,Greek Alphabet,Ï„
Upsilon,Greek Alphabet,Ï…
Phi,Greek Alphabet,Ï†
Chi,Greek Alphabet,Ï‡
Psi,Greek Alphabet,Ïˆ
Omega,Greek Alphabet,Ï‰
Plus Sign,Math,+
Minus Sign,Math,âˆ’
Multiplication Sign,Math,Ã—
Division Sign,Math,Ã·
Equal Sign,Math,=
Not Equal To Sign,Math,â‰ 
Plus or Minus Sign,Math,Â±
Not Sign,Math,Â¬
Less-Than Sign,Math,<
Greater-Than Sign,Math,>
Equal to or Less-Than Sign,Math,â‹œ
Equal to or Greater-Than Sign,Math,â‹
Degree Sign,Math,Â°
Superscript One,Math,Â¹
Superscript Two,Math,Â²
Superscript Three,Math,Â³
Function,Math,Æ’
Percent Sign,Math,%
Per Mille Sign,Math,â€°
Per Ten Thousand Sign,Math,â€±
For All,Math,âˆ€
Complement,Math,âˆ
Partial Differential,Math,âˆ‚
There Exists,Math,âˆƒ
There Does Not Exist,Math,âˆ„
Empty Set,Math,âˆ…
Increment,Math,âˆ†
Nabla,Math,âˆ‡
Element Of,Math,âˆˆ
Not an Element Of,Math,âˆ‰
Small Element Of,Math,âˆŠ
Contains as Member,Math,âˆ‹
Does Not Contain as Member,Math,âˆŒ
Small Contains as Member,Math,âˆ
End of Proof,Math,âˆ
N-Ary Product,Math,âˆ
N-Ary Coproduct,Math,âˆ
N-Ary Summation,Math,âˆ‘
Minus-or-Plus Sign,Math,âˆ“
Dot Plus,Math,âˆ”
Division Slash,Math,âˆ•
Set Minus,Math,âˆ–
Asterisk Operator,Math,âˆ—
Ring Operator,Math,âˆ˜
Bullet Operator,Math,âˆ™
Square Root,Math,âˆš
Cube Root,Math,âˆ›
Fourth Root,Math,âˆœ
Proportional To,Math,âˆ
Infinity,Math,âˆ
Right Angle,Math,âˆŸ
Angle,Math,âˆ 
Measured Angle,Math,âˆ¡
Spherical Angle,Math,âˆ¢
Divides,Math,âˆ£
Does Not Divide,Math,âˆ¤
Parallel To,Math,âˆ¥
Not Parallel To,Math,âˆ¦
Logical And,Math,âˆ§
Logical Or,Math,âˆ¨
Intersection,Math,âˆ©
Union,Math,âˆª
Integral,Math,âˆ«
Double Integral,Math,âˆ¬
Triple Integral,Math,âˆ­
Contour Integral,Math,âˆ®
Surface Integral,Math,âˆ¯
Volume Integral,Math,âˆ°
Clockwise Integral,Math,âˆ±
Clockwise Contour Integral,Math,âˆ²
Anticlockwise Contour Integral,Math,âˆ³
Therefore,Math,âˆ´
Because,Math,âˆµ
Ratio,Math,âˆ¶
Proportion,Math,âˆ·
Dot Minus,Math,âˆ¸
Excess,Math,âˆ¹
Geometric Proportion,Math,âˆº
Homothetic,Math,âˆ»
Tilde Operator,Math,âˆ¼
Reversed Tilde,Math,âˆ½
Inverted Lazy S,Math,âˆ¾
Sine Wave,Math,âˆ¿
Wreath Product,Math,â‰€
Not Tilde,Math,â‰
Minus Tilde,Math,â‰‚
Asymptotically Equal To,Math,â‰ƒ
Not Asymptotically Equal To,Math,â‰„
Approximately Equal To,Math,â‰…
Approximately but Not Actually Equal To,Math,â‰†
Neither Approximately Nor Actually Equal To,Math,â‰‡
Almost Equal To,Math,â‰ˆ
Not Almost Equal To,Math,â‰‰
Almost Equal or Equal To,Math,â‰Š
Triple Tilde,Math,â‰‹
All Equal To,Math,â‰Œ
Equivalent To,Math,â‰
Geometrically Equivalent To,Math,â‰
Difference Between,Math,â‰
Approaches the Limit,Math,â‰
Geometrically Equal To,Math,â‰‘
Approximately Equal to or the Image Of,Math,â‰’
Image of or Approximately Equal To,Math,â‰“
Colon Equals,Math,â‰”
Equals Colon,Math,â‰•
Ring in Equal To,Math,â‰–
Ring Equal To,Math,â‰—
Corresponds To,Math,â‰˜
Estimates,Math,â‰™
Equiangular To,Math,â‰š
Star Equals,Math,â‰›
Delta Equal To,Math,â‰œ
Equal to by Definition,Math,â‰
Measured By,Math,â‰
Questioned Equal To,Math,â‰Ÿ
Identical To,Math,â‰¡
Not Identical To,Math,â‰¢
Strictly Equivalent To,Math,â‰£
Less-Than or Equal To,Math,â‰¤
Greater-Than or Equal To,Math,â‰¥
Less-Than Over Equal To,Math,â‰¦
Greater-Than Over Equal To,Math,â‰§
Less-Than but Not Equal To,Math,â‰¨
Greater-Than but Not Equal To,Math,â‰©
Much Less-Than,Math,â‰ª
Much Greater-Than,Math,â‰«
Between,Math,â‰¬
Not Equivalent To,Math,â‰­
Not Less-Than,Math,â‰®
Not Greater-Than,Math,â‰¯
Neither Less-Than Nor Equal To,Math,â‰°
Neither Greater-Than Nor Equal To,Math,â‰±
Less-Than or Equivalent To,Math,â‰²
Greater-Than or Equivalent To,Math,â‰³
Neither Less-Than Nor Equivalent To,Math,â‰´
Neither Greater-Than Nor Equivalent To,Math,â‰µ
Less-Than or Greater-Than,Math,â‰¶
Greater-Than or Less-Than,Math,â‰·
Neither Less-Than Nor Greater-Than,Math,â‰¸
Neither Greater-Than Nor Less-Than,Math,â‰¹
Precedes,Math,â‰º
Succeeds,Math,â‰»
Precedes or Equal To,Math,â‰¼
Succeeds or Equal To,Math,â‰½
Precedes or Equivalent To,Math,â‰¾
Succeeds or Equivalent To,Math,â‰¿
Does Not Precede,Math,âŠ€
Does Not Succeed,Math,âŠ
Subset Of,Math,âŠ‚
Superset Of,Math,âŠƒ
Not a Subset Of,Math,âŠ„
Not a Superset Of,Math,âŠ…
Subset of or Equal To,Math,âŠ†
Superset of or Equal To,Math,âŠ‡
Neither a Subset of Nor Equal To,Math,âŠˆ
Neither a Superset of Nor Equal To,Math,âŠ‰
Subset of With Not Equal To,Math,âŠŠ
Superset of With Not Equal To,Math,âŠ‹
Multiset,Math,âŠŒ
Multiset Multiplication,Math,âŠ
Multiset Union,Math,âŠ
Square Image Of,Math,âŠ
Square Original Of,Math,âŠ
Square Image of or Equal To,Math,âŠ‘
Square Original of or Equal To,Math,âŠ’
Square Cap,Math,âŠ“
Square Cup,Math,âŠ”
Circled Plus,Math,âŠ•
Circled Minus,Math,âŠ–
Circled Times,Math,âŠ—
Circled Division Slash,Math,âŠ˜
Circled Dot Operator,Math,âŠ™
Circled Ring Operator,Math,âŠš
Circled Asterisk Operator,Math,âŠ›
Circled Equals,Math,âŠœ
Circled Dash,Math,âŠ
Squared Plus,Math,âŠ
Squared Minus,Math,âŠŸ
Squared Times,Math,âŠ 
Squared Dot Operator,Math,âŠ¡
Right Tack,Math,âŠ¢
Left Tack,Math,âŠ£
Down Tack,Math,âŠ¤
Up Tack,Math,âŠ¥
Assertion,Math,âŠ¦
Models,Math,âŠ§
TRUE,Math,âŠ¨
Forces,Math,âŠ©
Triple Vertical Bar Right Turnstile,Math,âŠª
Double Vertical Bar Double Right Turnstile,Math,âŠ«
Does Not Prove,Math,âŠ¬
Not True,Math,âŠ­
Does Not Force,Math,âŠ®
Negated Double Vertical Bar Double Right Turnstile,Math,âŠ¯
Precedes Under Relation,Math,âŠ°
Succeeds Under Relation,Math,âŠ±
Normal Subgroup Of,Math,âŠ²
Contains as Normal Subgroup,Math,âŠ³
Normal Subgroup of or Equal To,Math,âŠ´
Contains as Normal Subgroup or Equal To,Math,âŠµ
Original Of,Math,âŠ¶
Image Of,Math,âŠ·
Multimap,Math,âŠ¸
Hermitian Conjugate Matrix,Math,âŠ¹
Intercalate,Math,âŠº
Xor,Math,âŠ»
Nand,Math,âŠ¼
Nor,Math,âŠ½
Right Angle With Arc,Math,âŠ¾
Right Triangle,Math,âŠ¿
N-Ary Logical And,Math,â‹€
N-Ary Logical Or,Math,â‹
N-Ary Intersection,Math,â‹‚
N-Ary Union,Math,â‹ƒ
Diamond Operator,Math,â‹„
Dot Operator,Math,â‹…
Star Operator,Math,â‹†
Division Times,Math,â‹‡
Bowtie,Math,â‹ˆ
Left Normal Factor Semidirect Product,Math,â‹‰
Right Normal Factor Semidirect Product,Math,â‹Š
Left Semidirect Product,Math,â‹‹
Right Semidirect Product,Math,â‹Œ
Reversed Tilde Equals,Math,â‹
Curly Logical Or,Math,â‹
Curly Logical And,Math,â‹
Double Subset,Math,â‹
Double Superset,Math,â‹‘
Double Intersection,Math,â‹’
Double Union,Math,â‹“
Pitchfork,Math,â‹”
Equal and Parallel To,Math,â‹•
Less-Than With Dot,Math,â‹–
Greater-Than With Dot,Math,â‹—
Very Much Less-Than,Math,â‹˜
Very Much Greater-Than,Math,â‹™
Less-Than Equal to or Greater-Than,Math,â‹š
Greater-Than Equal to or Less-Than,Math,â‹›
Equal to or Precedes,Math,â‹
Equal to or Succeeds,Math,â‹Ÿ
Does Not Precede or Equal,Math,â‹ 
Does Not Succeed or Equal,Math,â‹¡
Not Square Image of or Equal To,Math,â‹¢
Not Square Original of or Equal To,Math,â‹£
Square Image of or Not Equal To,Math,â‹¤
Square Original of or Not Equal To,Math,â‹¥
Less-Than but Not Equivalent To,Math,â‹¦
Greater-Than but Not Equivalent To,Math,â‹§
Precedes but Not Equivalent To,Math,â‹¨
Succeeds but Not Equivalent To,Math,â‹©
Not Normal Subgroup Of,Math,â‹ª
Does Not Contain as Normal Subgroup,Math,â‹«
Not Normal Subgroup of or Equal To,Math,â‹¬
Does Not Contain as Normal Subgroup or Equal,Math,â‹­
Vertical Ellipsis,Math,â‹®
Midline Horizontal Ellipsis,Math,â‹¯
Up Right Diagonal Ellipsis,Math,â‹°
Down Right Diagonal Ellipsis,Math,â‹±
Element of With Long Horizontal Stroke,Math,â‹²
Element of With Vertical Bar at End of Horizontal Stroke,Math,â‹³
Small Element of With Vertical Bar at End of Horizontal Stroke,Math,â‹´
Element of With Dot Above,Math,â‹µ
Element of With Overbar,Math,â‹¶
Small Element of With Overbar,Math,â‹·
Element of With Underbar,Math,â‹¸
Element of With Two Horizontal Strokes,Math,â‹¹
Contains With Long Horizontal Stroke,Math,â‹º
Contains With Vertical Bar at End of Horizontal Stroke,Math,â‹»
Small Contains With Vertical Bar at End of Horizontal Stroke,Math,â‹¼
Contains With Overbar,Math,â‹½
Small Contains With Overbar,Math,â‹¾
Z Notation Bag Membership,Math,â‹¿
Superscript Zero,Math,â°
Superscript Latin Small Letter I,Math,â±
Superscript Four,Math,â´
Superscript Five,Math,âµ
Superscript Six,Math,â¶
Superscript Seven,Math,â·
Superscript Eight,Math,â¸
Superscript Nine,Math,â¹
Superscript Plus Sign,Math,âº
Superscript Minus,Math,â»
Superscript Equals Sign,Math,â¼
Superscript Left Parenthesis,Math,â½
Superscript Right Parenthesis,Math,â¾
Superscript Latin Small Letter N,Math,â¿
Subscript Zero,Math,â‚€
Subscript One,Math,â‚
Subscript Two,Math,â‚‚
Subscript Three,Math,â‚ƒ
Subscript Four,Math,â‚„
Subscript Five,Math,â‚…
Subscript Six,Math,â‚†
Subscript Seven,Math,â‚‡
Subscript Eight,Math,â‚ˆ
Subscript Nine,Math,â‚‰
Subscript Plus Sign,Math,â‚Š
Subscript Minus,Math,â‚‹
Subscript Equals Sign,Math,â‚Œ
Subscript Left Parenthesis,Math,â‚
Subscript Right Parenthesis,Math,â‚
Latin Subscript Small Letter A,Math,â‚
Latin Subscript Small Letter E,Math,â‚‘
Latin Subscript Small Letter O,Math,â‚’
Latin Subscript Small Letter X,Math,â‚“
Latin Subscript Small Letter Schwa,Math,â‚”